Product Name,Original Price,Discounted price,Discount(%),Rating
NOVA NG 1153 Digital USB  Runtime: 160 Mins Trimmer for...,"3,299","1,299",60,4.2
PHILIPS BT3101/15  Runtime: 45 min Trimmer for Men,"1,495","1,189",20,4.3
Flipkart SmartBuy M4D12Q Runtime : 60 min Cordless USB ...,790,549,30,4.2
Orient Electric Fabri Press DIFP10BP 1000 W Dry Iron,990,525,46,4.3
Butterfly Rapid 4 Jar 750 watts 750 W Juicer Mixer Grin...,"5,499","2,699",50,4.1
PHILIPS BT3211/15  Runtime: 60 min Trimmer for Men,"1,895","1,599",15,4.4
PHILIPS BT3221/15  Runtime: 90 min Trimmer for Men,"2,395","1,899",20,4.4
PHILIPS BT1232/15  Runtime: 30 mins Trimmer for Men,945,849,10,4.4
HAVELLS bt5113c  Runtime: 120 min Trimmer for Men,"1,995",899,54,4.1
Sasimo 6 mm Automatic Personal Digital Weight Machine H...,"3,299",625,81,4.8
NOVA NHT 1073-00 USB  Runtime: 60 min Trimmer for Men,999,599,40,4.2
Butterfly Arrow 500 W Mixer Grinder ,"3,699","1,599",56,4
NOVA NHT 1053 USB  Runtime: 160 min Trimmer for Men,"2,195",749,65,4.1
BAJAJ Majesty DX 6 1000 W Dry Iron,920,575,37,4.2
NOVA NHT 1052 USB  Runtime: 90 min Trimmer for Men,"1,995",699,64,4.1
"GROFL Pubg Anti-Slip Thumb Sleeve, Slip-Proof Sweat-Pro...",799,137,82,3.8
Beardo PR3058/59 Runtime: 45 min Multi Purpose Trimmer ...,"2,240","1,099",50,4.2
NOVA Prime Series NHT 1085  Runtime: 45 min Trimmer for...,"1,695",649,61,4.1
PHILIPS OneBlade QP2525/10  Runtime: 45 min Trimmer for...,"2,199","1,675",23,4.3
Flipkart SmartBuy M4D12B Runtime : 60 min Cordless USB ...,750,549,26,4.2
"GROFL Pubg Anti-Slip Thumb Sleeve, Slip-Proof Sweat-Pro...",999,148,85,3.8
Butterfly Rapid Plus 750 W Mixer Grinder ,"6,499","2,999",53,4.3
realme RMH2016 Beard Trimmer Runtime: 120 mins Trimmer ...,"1,799","1,199",33,4.1
Dr. Morepen GLUCO ONE BG-03 50 Glucometer Strips,849,689,18,4.4
HOPZ Advance & Portable 8.5 inch LCD Re-Writing Paperle...,"1,263",265,79,3.9
PHILIPS HP8100/46 Hair Dryer,845,699,17,4.3
Butterfly Rapid Kettle 1.5 Litre + Eco 750 Ml Water Bot...,"1,499",699,53,4.3
"RRHR SALES Pubg Anti-Slip Thumb Sleeve, Slip-Proof Swea...",899,189,78,4.1
Nokia Media Streamer with Built- In Chromecast,"4,999","1,999",60,4.3
VGR V-055 Professional Hair Clipper Waterproof  Runtime...,"2,495",645,74,4.2
USHA EI 1602 1000 W Dry Iron,800,534,33,4.2
Prestige Aluminium Gas Lighter,135,109,19,4.3
Dr. Trust ,"3,200","1,099",65,4.2
Bajaj GX1 500 W Mixer Grinder,"3,850","1,999",48,4.2
AMB New Pair Breathable Mobile Finger Sleeve Press Trig...,399,99,75,4.1
BOYA By-m1 3.5mm Electret Condenser Microphone with 1/4...,"1,995",750,62,4.5
VGR V-071 Original Professional Hair Clipper  Runtime: ...,"1,899",695,63,4.2
Flipkart SmartBuy Non-Stick 1100W Dry Iron,999,433,56,4.1
Pigeon Favourite IC 1800 W Induction Cooktop,"3,195","1,169",63,3.9
texla 1 gm TO 10 kg electronic kitchen scale,699,282,59,4.3
texla 1 gm TO 10 kg electronic kitchen scale,699,282,59,5
Mi 4A PRO 80 cm ,"19,999","15,999",20,1
Misfit by boAt T200  Runtime: 120 mins Trimmer for Men,"3,999","1,299",67,3.9
Dr. Morepen BG-03 Glucometer And 25 strips Glucometer,"1,164",520,55,5
Prestige Atlas Plus 750 W Juicer Mixer Grinder ,"6,295","2,999",52,4
Mi 4X 108 cm ,"34,999","28,999",17,4.8
Prestige PIC 20.0 1600 W Induction Cooktop,"2,895","1,649",43,5
Lifelong Power Pro - LLMG20 500 W Mixer Grinder ,"2,499","1,499",40,4
Syska HD1610 Hair Dryer,"1,179",649,44,4.4
Zilant 6 mm Automatic Personal Digital Weight Machine W...,"1,799",699,61,5
mobspy 3.5mm Clip Microphone For Youtube | Collar Mic f...,800,144,82,4
"GROFL Pubg Anti-Slip Thumb Sleeve, Slip-Proof Sweat-Pro...",999,164,83,4.2
PHILIPS BT1215  Runtime: 60 min Trimmer for Men,845,"1,195",55,4
Nova Silky Shine Hot And Cold Foldable NHP 8100 Hair Dr...,"4,000",379,57,5
Dr. Trust Goldline with Talking Guidance and 3 Color Hy...,"15,500","1,699",47,4.1
LIVPURE LIV-PEP-PRO-PLUS+ 7 L RO + UV + UF Water Purifi...,"5,895","8,099",50,5
Morphy Richards Superb Icon 750 W Mixer Grinder ,"19,500","2,899",28,1
KENT Ace 8 L RO + UV + UF + TDS Water Purifier,"2,395","13,999",45,4.4
NOVA Professional Rechargeable and Cordless NHT 1083 Ha...,"1,800","1,299",57,4
Dr. Trust ,"2,359",764,66,5
Dr. Morepen BG03 Glucometer with 50 Strips Glucometer,"1,164",799,52,4.2
Dr.Morepen BLOOD GLUCOSE Glucometer,"2,899",549,58,5
Kemei KM - 809A  Runtime: 240 min Trimmer for Men,"2,500","1,199",72,5
VGR V-183 Professional Rechargeable Hair Clipper  Runti...,999,685,68,3.6
JMALL Combo 3110 Tripod with mobile holder Light Alumin...,"1,999",310,52,5
Syska HT900  Runtime: 120 min Trimmer for Men,"1,295",949,17,1
PHILIPS HP8302/06 Hair Straightener,"3,390","1,069",38,4
USHA Spin Pro SN500 MX3 500 W Mixer Grinder ,580,"2,099",22,5
BAJAJ DX 2 Light Weight 600 W Dry Iron,"6,930",449,55,1
Preethi Blue Leaf Platinum select MG226 750 W Mixer Gri...,"2,695","3,099",51,4.2
NOVA Professional Rechargeable and Cordless NHT 1083 Ha...,"3,000","1,299",43,4.4
Dr. Trust ,"2,000","1,699",55,3.9
Dr. Morepen MT-222 DigiFlexi Thermometer,"1,899",187,63,3.6
Dr. Trust ,"2,499",899,82,4.3
Venus Digital Glass Weighing Scale,999,699,65,4.2
"Royatto Egg, Lassi, Butter Milk Maker, Cakes Hand Mixer...","3,505",449,42,4.4
Glun 50 kg Hook Type Digital Led Screen Portable Luggag...,499,349,58,4.1
BAJAJ 3 Jar Pluto 500 W Mixer Grinder ,"1,895","1,999",26,4.2
RRHR SALES Finger Sleeve For Pubg and all Gaming ,"2,799",208,58,4.3
"Philips GC1905 Steam Iron, 1440 W","4,750","1,399",64,4.1
AccuSure AS Automatic + Advance Feature Blood Pressure ...,866,"1,168",70,3.7
Dr. Trust ,399,"1,699",62,4.3
Cloudcool Weighing Scale Digital Heavy Duty Luggage Wei...,"1,799",258,44,4.3
"Tdoc Lapel Mic Mobile Collar Mic Clip Microphone For , ...",899,149,53,4.4
Beardo Blaze Runtime: 90 min trimmer for men,"21,000",999,22,3.6
Nova Plus 1100 w Amaze NI 10 1100 W Dry Iron,"3,500",415,57,4
KENT Ace Extra 8 L RO + UV + UF + TDS Control + Alkalin...,799,"16,200",37,4
Dr. Trust ,888,"1,499",62,4
VEGA INSTA GLAM-1000 HAIR DRYER ,"1,795",499,44,4
INFINITY Ajmat Nova 216  Runtime: 46 min Trimmer for Me...,499,330,64,4.1
NOVA SuperGroom NG 1149 USB  Runtime: 45 min Trimmer fo...,"6,275",999,51,4.4
CROMIFY Portable Mini Ceramic Electronic Hair Straighte...,875,175,20,4
BAJAJ GX8 Gx8 750 W Mixer Grinder ,"17,000","3,042",44,4.3
BAJAJ DX 7 Light Weight 1000 W Dry Iron,"1,999",699,82,4
Pureit by HUL Advanced Max 6 L Mineral RO + UV + MF + M...,990,"9,499",64,4
Tygot T - 3110M Tripod,"3,970",349,49,4.2
Photron PHT350 Tripod,999,349,75,4.3
Pigeon Glory 550 W Mixer Grinder ,580,"1,999",63,4.2
Vacotta 3.5mm Clip Microphone For Youtube | Collar Mike...,399,249,65,4.2
Tata Sky 100% Original Universal ,"21,990",209,22,3.9
RRHR SALES finger sleeve ,"3,398",139,51,3.9
LG 80 cm ,"4,295","16,999",16,4.3
Lifelong LLCMB02 500 W Mixer Grinder ,"1,799","1,649",65,4.2
PHILIPS MG7715/15 Multi-Grooming Kit For Men  Runtime: ...,999,"3,599",62,4.5
MCP F 18 Pocket Model Hearing Aid Hearing Enhancer Ear ...,"1,455",629,4,4.3
CKINDIA 2888 2888 Professional Salon Style Hair Dryer f...,"2,500",375,52,4.2
Dr. Morepen BP02 Bp Monitor,240,"1,385",26,4.3
DR PHYSIO ,899,"1,199",58,4.2
Pigeon Super Steel Gas Lighter,399,177,50,4.1
Nova Submersible NIH 430-05 1500 W Immersion Heater Rod,"3,299",369,60,4
Crozier finger sleeve ,"17,999",199,11,5
Greenchef GCMAXOCOMBO_01 Induction Cooktop,999,"1,299",13,4
realme 80 cm ,450,"15,999",60,4
LAPCARE DCX-A101 2 Fan Cooling Pad,"1,095",867,17,2
Athenax Xander Lite 250x350x2mm Mousepad,789,179,46,5
PHILIPS HI114 1000 W Dry Iron,"2,995",898,13,4.4
Flipkart SmartBuy 1000 W Dry Iron,829,424,16,5
PHILIPS MG5740/15  Runtime: 80 min Trimmer for Men,299,"2,599",53,5
Syska HT200U  Runtime: 40 min Trimmer for Men,"1,495",695,50,4.3
WORLD ONLINE Interesting 3.5mm Clip Microphone | Collar...,300,139,13,5
AGARO Handheld full body electric atom massager for Pai...,"2,995",739,16,1
Dr. Trust DT-025 Waterproof Flexible Tip Digital Thermo...,829,299,53,4.5
PHILIPS MG5740/15  Runtime: 80 min Trimmer for Men,299,"2,599",36,5
Syska HT200U  Runtime: 40 min Trimmer for Men,"2,499",695,42,5
WORLD ONLINE Interesting 3.5mm Clip Microphone | Collar...,"2,799",139,36,4.2
Ambrane AGK-11  Runtime: 60 min Trimmer for Men,"2,000","1,599",13,4.2
Syska HT4500K  Runtime: 60 min Trimmer for Men,"18,490","1,599",70,4.3
BAJAJ Crest Neo 1200 mm 3 Blade Ceiling Fan,499,"1,279",39,4.2
LG 6.5 kg 5 Star Inverter Fully Automatic Top Load Silv...,"3,299","15,990",80,4.1
HUBSTAR HIGH Quality 3.5mm Clip Microphone | Collar Mik...,"1,999",147,33,4.2
USHA IC 3616 Induction Cooktop,449,"1,999",80,4.2
Marklif Gorilla Tripod/Mini Tripod 13 inch with Remote ...,"2,495",399,56,4.2
Syska QuadraPro- 4 Way Power Strip 4  Socket Extension ...,"2,610",299,16,4.3
Nova Temperature Control Professional NHS 870 Hair Stra...,297,499,68,3.5
Dr. Morepen BP-09 BP 09 Fully Automatic BP Monitor Bp M...,968,"1,131",52,4.3
ANCHOR 5208 3  Socket Extension Boards,"1,699",249,45,4.2
Ketsaal Multifunctional Egg Boiler Egg Cooker ,"2,845",305,81,4.3
Nova Professional NHP 8215 Hair Dryer,"3,990",799,82,4.1
EVEREADY MG500i 500 W Mixer Grinder ,"1,990","1,549",20,4.1
Syvo WT 3130 Aluminum Tripod ,"29,999",749,15,4.2
"Syvo 3110 Portable Digital Camera Mobile Stand Tripod, ...",710,349,53,4.1
Mi 4A Horizon Edition 100 cm ,899,"23,999",38,4.3
PHILIPS GC097 750 W Dry Iron,"59,990",599,15,4.2
Nova Plus 1100 w Amaze NI 40 1100 W Dry Iron,"16,800",415,52,4.2
LG 108 cm ,399,"36,999",45,3.7
SAMSUNG 6.5 kg Monsoon drying feature Fully Automatic T...,"3,850","14,190",40,4.3
"spincart 3 in 1 Screen Cleaning Set for PC, Laptops, Mo...",421,188,73,4.2
Hindware 3 L Instant Water Geyser ,800,"2,099",76,4.2
ANCHOR Anchor 5219 3  Socket Extension Boards,599,249,40,4.3
GoodsNet 8. 5 inch LCD E-Writer Electronic Writing Pad/...,"1,199",212,69,4.4
Timyka 3.5mm Clip Microphone For Youtube | Collar Mic f...,999,139,20,4
Healthgenie Thick Tempered Glass Lcd Display Digital We...,"1,000",719,24,4.1
"Royatto Electric Egg Boiler,Egg Cooker Egg Cooker",699,304,54,4.3
Dr. Trust Gold Standard 50 Glucometer Strips,699,799,46,3.9
Syska SDI-07 1000 W Dry Iron,"1,499",529,16,3.8
Redgear A-10 Gaming Mouse with LED and DPI Upto 2400 Wi...,"1,799",319,20,4.1
Flipkart SmartBuy Sandwich 01 Grill,"1,290",799,78,4.5
Redgear Pro Series ,599,"1,499",46,4.4
BAJAJ Majesty DHX9 1000 W Dry Iron,"1,499","1,024",41,4.3
realme Mobile Game Finger Sleeves  Gaming Accessory Kit,"1,695",129,55,4.4
Flipkart SmartBuy Sandwich 01 Grill,"1,599",799,56,4.1
HAVELLS HD3171 Hair Dryer,"1,499",999,71,4.4
FYC RF-666  Runtime: 0 min Trimmer for Men,999,708,39,4.3
Case Plus Hair Straightener Hair Straightening Comb Bru...,120,649,63,3.8
FIREFLY HUB Digital Kitchen Weighing Machine Multipurpo...,"14,500",284,69,3.7
Kamasutra Dotted Condom,899,73,43,4
Aquagrand SkyLand 18 Ltr RO + UV + UF + TDS Water Purif...,"2,495","5,299",48,5
Raj Controller Finger Cots ,"2,895",278,83,4.3
DIGITEK DTR 550 LW Tripod,599,"1,399",63,5
Prestige Atlas 1.0 Induction Cooktop,549,"1,499",46,1
rich hood HIGH QUALITY FINGER GLOVES Mobile Game Contro...,"5,295",101,33,4.3
Filiz Best Quality with low price Trigger and finger sl...,"21,000",199,70,5
PHILIPS HD4928/01 Induction Cooktop,986,"2,849",22,1
Pureit Max Water Saver 10 L RO + UV + MF Water Purifier...,"16,800","13,999",33,4.2
FIREFLY HUB Digital Kitchen Weighing Machine Multipurpo...,"1,799",293,64,5
Whirlpool 6 kg Fully Automatic Top Load Grey,899,"12,990",19,5
VEGA VHSCC 01 3 in 1 Hair Straightener,999,"1,199",46,4.2
arnah treasure NHT-1046 Professional Design Perfect Sha...,"1,499",320,14,5
GVC Iron Analog Weighing Scale,269,801,39,5
Flipkart SmartBuy MultiTrim Runtime: 60 min Multi Purpo...,"1,069",799,22,4.1
Syska Power Wheel 3  Socket Extension Boards,"1,295",229,39,4.4
Syska Super Glam HS6810 Hair Straightener,"2,485",649,53,3.9
HAVELLS Compact Hair Dryer HD3151 Hair Dryer,899,999,45,4.4
Flipkart SmartBuy PowerChef Classico 500 W Mixer Grinde...,"1,339","1,499",81,4
Nova Plus 1100 w Amaze NI 20 1100 W Dry Iron,"2,099",415,42,3.9
Flipkart SmartBuy IRS1600WG 1600 W Steam Iron,799,725,17,4.2
Ambrane 5.4 Amp Qualcomm Certified Turbo Car Charger,"26,500",379,22,4
Sansui DI 02 S Light weight 1000 W Dry Iron,"13,490",459,75,4.4
SAMSUNG 6 kg 5 star Inverter Fully Automatic Front Load...,"2,499","21,990",16,4.1
"LG 7 kg 4 Star Semi Automatic Top Load Grey, White",275,"10,490",13,3.8
Venus Digital Electronic LCD Glass Fitness/Health Check...,149,611,73,3.6
Syska Power Wheel 3  Socket Extension Boards,"1,495",230,6,4.3
"Prestige Steel, Plastic Gas Lighter",999,129,62,4.4
Nova Pro Shine NHS 840 Hair Straightener,"3,100",399,81,4
GVC Iron Analog Weighing Scale,"2,395",930,52,4.3
Dr. Trust Compresor Complete Kit with Child and Adult M...,"1,299","1,149",14,4.1
Nova Temperature Control Professional NHS 860 Hair Stra...,"1,199",449,30,3.5
thermomate LED body weight machine toughened glass 180 ...,300,620,75,4.2
Mi XXQ02HM  Runtime: 60 min Trimmer for Men,399,"1,020",80,4.2
sushila EStores Shining Professional Foldable Hair Drye...,499,210,83,4.3
"MJ Hub PUBG_GAMING_SLEEVE, Touchscreen, Anti-Sweat, Two...",799,99,13,4.2
Trust You PUBG Trigger  Gaming Accessory Kit,275,97,60,4.4
VAPRRA finger sleeve cap for sweat breathable full touc...,499,129,14,4
Syska Syska Power Wheel 3  Socket Extension Boards,"3,499",239,50,4.2
Filiz Best Quality Thumb Sleeve With Combo Pack Of Earp...,259,199,26,4.2
Mi TV Stick with Built in Chromecast,"8,699","2,999",17,4.3
Crozier finger sleeve cap for sweat breathable full tou...,"2,670",129,74,4.3
BOSCH TrueMixx Pro MGM8842MIN 1000 W Mixer Grinder ,600,"6,399",78,4.4
CROMPTON Aura Deluxe 1200 mm 3 Blade Ceiling Fan,700,"2,199",20,4.4
PORTLIX PRESENTING FLEXIBLE FINGER GLOVES PUBG TRIGGER ...,"2,015",155,62,4.1
gyzmofreakz 3.5mm Clip Microphone For Youtube | Collar ...,599,150,12,4.2
CROMPTON Superbriz Deco 1200 mm 3 Blade Ceiling Fan,"1,895","1,599",68,4.2
Trosskart Microfiber Cloth ,999,227,66,4
PHILIPS MG3747/15  Runtime: 70 min Trimmer for Men,899,"1,649",81,4.2
INFINITY 21  Runtime: 30 min Trimmer for Men & Women,"1,355",319,49,4.3
texla 0.01 Gram to 200 Gram Weighing Display Units in G...,"1,995",298,50,4.1
SIMPLEX 50Kg Portable Electronic Digital LCD Pocket Wei...,899,257,43,4.1
HAVELLS BT5301  Runtime: 100 min Trimmer for Men,"1,495",999,62,4.3
"RTB Electronic weight machine for kitchen home,weighing...","1,499",449,3,5
NOVA NG 1145  Runtime: 60 min Trimmer for Men,"1,495",849,59,4.2
Stylathon 2in1 Hair Curler + Straightener & hair Dryer ...,731,560,13,5
PHILIPS BT3102/15  Runtime: 60 min Trimmer for Men,"1,267","1,441",59,2
Antique Buyer 2 in 1 Hair Straightener And Hair Curler ...,599,294,82,4
Medtech OG 05 Pulse Oximeter,899,"1,099",29,5
Brillar 7 Socket Extension Cord With Individual Switche...,"1,595",245,49,4
Rudra Enterprise hair massager for men and girl Head an...,349,156,15,3.5
Prestige PGMFB Grill,"19,999","1,120",68,5
BUY SURETY 1 Pair PUBG Moible Controller Gamepad Trigge...,"1,500",175,50,5
Mi 4A Horizon Edition 80 cm ,899,"16,999",83,4.2
"kluzie 6.9"" feet ",599,474,22,5
Flipkart SmartBuy Dash Series G40 Gaming Mouse,"3,240",449,20,5
rich hood PRESENTING FLEXIBLE FINGER GLOVES PUBG TRIGGE...,"16,990",100,38,4.4
Orient Electric Wendy 1200 mm 3 Blade Ceiling Fan,"1,28,990","2,499",10,4
"LG 8 kg 5 Star Rating Semi Automatic Top Load Grey, Whi...","2,295","13,500",15,2
SONY Alpha Full Frame ILCE-7M2K/BQ IN5 Mirrorless Camer...,"2,310","78,990",52,4.7
PHILIPS Daily Collection HR3705/10 Hand Mixer 300 W Han...,949,"2,049",4,3.5
OMRON HEM-7124 Bp Monitor,975,"1,949",71,3.8
NOVA NHT 1074 USB  Runtime: 30 min Trimmer for Men,"1,999",449,67,4.2
Accu-Chek Active 50 Test Strips,999,929,53,4
Perfect Nova ,"1,299",569,30,4.1
Vilsa Rechargeable Battery Sharp Blade Beard Cutter Sty...,"3,650",320,40,4
Ambrane Aura X  Runtime: 60 min Trimmer for Men,"13,400",599,84,4.4
HAVELLS ANDRIA 1200 mm 390 Blade Ceiling Fan,799,"2,549",40,4.3
Blue Star Aristo RO+UV 7 L RO + UV Water Purifier with ...,"1,199","7,999",40,3.9
"icall Pubg Anti-Slip Thumb Sleeve, Slip-Proof Sweat-Pro...","1,199",120,14,3.4
Healthgenie Thick Tempered Glass Lcd Display Digital We...,"49,999",719,35,4.2
Healthgenie Thick Tempered Glass Lcd Display Digital We...,"1,199",719,36,4
Mi 4X 138.8 cm ,"4,499","42,999",7,4.3
Healthgenie Thick Tempered Glass Lcd Display Digital We...,635,779,17,4.1
Sansui ProHome SMG03 750 W Juicer Mixer Grinder ,"4,295","2,849",32,3.9
PHILIPS GC090 750 W Dry Iron,"8,099",589,35,4
PHILIPS Daily Collection HL7756/00 750 W Mixer Grinder ...,"1,999","3,559",32,4.1
BOSCH TrueMixx Pro MGM8642BIN 750 W Mixer Grinder ,400,"5,490",11,3.9
Orient Electric Ujala 1200 mm Energy Saving 3 Blade Cei...,"41,999","1,299",41,4.1
Vero Forza Glide PRO ,"2,795",269,22,3.8
Mi 4X 125.7 cm ,"3,240","36,999",49,4.2
Prestige PIC 20.0 Induction Cooktop,"1,188","1,649",71,3.7
Orient Electric Wendy 1200 mm 3 Blade Ceiling Fan,"1,999","2,499",60,4
dinesh dhola DD Heavy Duty Electronic Thick Tempered Gl...,"1,699",598,60,4
Perfect Nova ,"2,499",569,75,3.7
Rerant 2003A Digital Body Weight Scale for Human Health...,799,679,79,4.3
Control D White Portable Nebulizer,"2,299",999,51,3.3
webster 3.5mm Clip Microphone For Youtube | Collar Mike...,349,199,37,4.3
MARCRAZY hair dryer dry1s Hair Dryer,"2,250",480,34,4.1
Dr.Balance BT01 Digital Thermometer,299,169,24,4.6
Veet Sensitive Touch Expert  Runtime: 45 min Trimmer fo...,"1,492","1,399",71,3.8
Telsa Telsa Electric Te-000TE0104 Round 8+1 White Exten...,"1,395",196,69,4.2
NISCOMED Digital Blood pressure monitor with talkative ...,"5,500","1,128",23,4.5
NOVA NHT 1049/00 Titanium coated  Runtime: 30 min Trimm...,130,399,64,4.6
Dr. Trust ,"2,499","1,699",64,4.5
Gold Medal Spice 1  Socket Extension Boards,999,100,42,4.3
BEARDO BD-TMPM02  Runtime: 120 min Trimmer for Men,"13,900",899,70,4
retold 100 psi Tyre Air Pump for Car & Bike,"1,500",355,26,4.4
Blue Star Excella 6 L RO + UV + UF Water Purifier,"13,100","7,999",42,4.3
"Sulfur 6.9"" feet ","40,000",449,28,4.4
SAMSUNG 7.2 kg Semi Automatic Top Load White,"56,000","9,690",65,5
Vu Premium 108 cm ,599,"22,999",56,5
Vu Premium 139 cm ,499,"39,999",28,4
Tata Sky Original Universal,"56,000",209,70,5
Techfab Smart TV Remote Control Compatible for  Smart T...,"1,500",219,65,5
Vu Premium 139 cm ,599,"39,999",32,4
"Sulfur 6.9"" feet ","5,156",449,42,5
Tata Sky Original Universal,"10,500",209,49,5
Butterfly Rapid Plus Wet Grinder with Coconut Scraper ,"6,499","3,499",34,4.3
CROMPTON 10 L Storage Water Geyser ,649,"6,079",32,5
Sansui ProHome Colossus 1000 W Juicer Mixer Grinder ,"5,751","3,299",63,4
Flipkart SmartBuy 1000 W Dry Iron,699,424,40,4.1
Butterfly Rhino Plus Wet Grinder,699,"3,890",59,5
GoodsNet 8.5 inch LCD Re-Writing Paperless Electronic D...,"1,599",257,60,5
Nova Silky Shine 1300 w Hot and cold Foldable NHP 8103 ...,999,418,72,3.8
Granny Smith Personal Health Human Body Weight Machine ...,"1,199",649,65,4.2
Peluche KitaNo Oximeter- Blood Oxygen Saturation Monito...,"1,299",395,62,4.3
Zelenor 50Kg Portable Luggage Hanging Weight Machine Di...,"1,699",325,79,4.2
Skmei 1002 Bluerechargeable round angle rich and classy...,"1,299",449,58,3.6
VGR V-055 Rechargeable Professional Hair Trimmer  Runti...,899,645,5,4.1
SWARNI CREATION Eyebrow Trimmer Pen Runtime: 120 min Tr...,"1,095",260,77,4.1
Flipkart SmartBuy Extension Board 4 Sockets 1 Switch 4 ...,"1,299",369,80,4.4
OneTouch Select Plus 50 Glucometer Strips,999,"1,030",29,4.1
CAPITAL HUB Digital Kitchen Weighing Machine Multipurpo...,"1,270",296,24,4.3
ASHLAS Smooth Facial Roller & Massager Natural Massage ...,"1,455",199,56,4.2
Kenstar KTG02KGPR0-DBM Grill,299,899,76,4.2
BOSS E111BL 125 W Hand Blender,"1,440","1,099",24,4.4
RETRACK Finger Sleeve for Pubg Mobile Game 2 Piece Blac...,"40,990",129,72,4.1
KBOOM Camera 3110 Tripod Stand Mobile Phone Mini Portab...,999,337,37,4.1
LG 108 cm ,"2,000","30,999",35,4.4
Gizga Essentials Professional 6-IN-1 Cleaning Kit for C...,"1,999",279,33,4.2
BAJAJ Crest Neo 1200 mm 3 Blade Ceiling Fan,"2,995","1,249",15,4.2
Orient Electric Ujala 1200 mm Energy Saving 3 Blade Cei...,"2,950","1,299",81,4
Prestige Atlas 550 W Mixer Grinder ,799,"1,999",37,4.3
Orient Electric Wendy 1200 mm 3 Blade Ceiling Fan,"2,400","2,499",76,4.1
AJRO DEAL 3.5mm Clip Microphone For Youtube | Collar Mi...,500,149,19,4.2
"KENT 16051 300 W Hand Blender, Stand Mixer, Chopper","16,700","1,499",68,3.6
HighSeas Best High New Mobile Finger Sleeve Cots Touch ...,499,120,18,4.1
Panasonic 6 kg 5 Star AquaBeat Wash Fully Automatic Top...,785,"13,390",76,4
romonic Mousepad Pikachu Mousepad,"1,299",159,52,4.1
BAJAJ Majesty DX 11 1000 W Dry Iron,249,639,26,3.9
FADMAN 50KG PORTABLE HANGING LUGGAGE WEIGHT MACHINE DIG...,"1,595",299,22,4.3
Thermocare Flat Glucometer Blood lancets Glucometer Lan...,"3,495",119,50,3.9
PHILIPS BG1025/15  Runtime: 45 min Trimmer for Men,610,"1,179",53,4.4
PHILIPS BHH880 /10 Hair Straightener,400,"2,698",28,4.4
MCP Dual Head Adult Sethoscope Acoustic Stethoscope,"2,697",299,79,4.1
Thermocare Naulakha 3 in 1 streamer Vaporizer,"1,666",188,63,4.5
Dr. Morepen Gluco One 150 Glucometer Strips,"1,899","1,937",45,4.2
UZAN II YF-216A BLUE  Runtime: 45 min Trimmer for Men,"2,199",345,62,4
Venus Digital Glass Weighing Scale,"1,699",699,69,4.4
NOVA NG 1151 100 % waterproof  Runtime: 60 Mins Trimmer...,"1,249","1,199",57,4.3
Drosselz 6 mm Automatic Personal Digital Weight Machine...,"3,499",635,87,4.5
Deltakart DG04 Acupressure Tools Kit Combo with Power M...,"7,999",385,66,3.9
Dr. Trust ,899,"1,499",27,4.2
Intex Infrared Thermo Safe Thermometer,549,999,70,4.2
"Dr.Health 3 in 1 steamer, steam vaporizer, steam inhale...","1,499",298,54,5
Syska Quadra Pro ,999,399,3,5
Toyvala Real Looking Vibrant Future Battle Toy Sub Mach...,"1,599",449,51,4.4
My Styleon HTC AT-528 Professional Rechargeable Trimmer...,550,459,79,5
ACCU-CHEK Active Glucose Monitor with 10 Strips Glucome...,999,"1,549",18,5
Redgear MP35 ,"29,990",269,39,3.9
Ambrane 2.4 Amp Turbo Car Charger,"1,575",201,48,3
LG 6 kg 5 Star Fully Automatic Front Load with In-built...,"3,299","24,490",34,5
HAVELLS glydo 1000 W Dry Iron,"3,300",948,55,3.8
Sansui ProHome Pronto 400 W Juicer Mixer Grinder ,799,"1,699",16,1
HAVELLS ANDRIA 1200 mm 390 Blade Ceiling Fan,"20,990","2,149",83,1
yash fashion st 1 Fruit & Vegetable Manual Steel Handle...,700,358,17,4.3
LG 7 kg 5 star Fully Automatic Top Load Silver,"1,630","17,490",30,5
kb trade PUBGTRIGER1  Joystick,"10,010",115,66,5
CROMPTON Hill Breeze 1200 mm 3 Blade Ceiling Fan,899,"1,339",48,4.4
MarQ By Flipkart 6 kg 5 Star Rating Semi Automatic Top ...,"36,990","6,990",35,4
ZURU BUNCH Multi-function 3110 Tripod Stand for Phone a...,"10,499",299,4,3.9
iFFALCON by TCL 100.3 cm ,"24,999","18,999",46,4.2
Pureit by HUL Advanced Plus 5 L RO + MF + MP Water Puri...,"1,499","6,799",66,4.2
Mi 4A 100 cm ,599,"23,999",72,4.2
Flipkart SmartBuy TA01101 700 W Pop Up Toaster,"1,999",799,54,4.2
Airtel Universal Digital Tv DTH 100% Original HD Record...,599,203,65,4.1
PYXBE Mosquito Killer Lamp USB Electric Mosquito Light ...,"1,299",549,61,3.8
Dr. Morepen ST-01 Dr. Morepen The Professional's Deluxe...,475,270,68,4
Electro Shoppee Perfect TRIMMER AT 528 Rechargeable H T...,965,449,61,3.9
BUYMOOR Fashion Mini Hair Straightener Professional Hai...,899,181,57,3.6
"Prisha Enterprise Stainless Steel 7 Egg Cooker, Egg Boi...","1,149",302,80,3.9
Aastha Electric 7 Egg Boiler Cooker Electric 7 Egg Boil...,"1,299",349,65,4.1
Control D Strips 50 Glucometer Strips,"1,299",485,81,4.2
Skyline N-1290 Foldable Hair Dryer,999,250,50,3.5
Electro Shoppee Perfect TRIMMER AT 528 Rechargeable H T...,899,449,55,4.3
"onliest MINI HAIR STRAIGHTNERL,,L,,, Hair Straightener","1,999",185,58,4.2
NOVA NHT 1076  Runtime: 30 min Trimmer for Men,499,449,81,4.1
Dr. Morepen Blood Sugar Glucose checking machine,"1,599",899,53,4.1
Dish TV Universal ,"3,215",209,45,4.1
JMALL High Quality Tripod Stand 360 Degree 3110 Portabl...,"4,590",299,62,4.2
Singer Chefy cheffy 500 W Mixer Grinder ,499,"1,499",40,4
ORIENT Electric Kitchen Kraft MGKK75B3 750 W Mixer Grin...,"1,245","2,499",75,3.5
NOCKOUT Designer Mouse Pad Non-Slip Rubber Base Mouse p...,399,188,77,4.4
Prestige PKOSS 1.5 Electric Kettle,399,745,46,3.9
"MJ Hub Thumb & Finger Sleeve for Mobile Game, Anti-Swea...","2,299",99,57,4.2
"spincart Gaming Mouse Pad With Non-Slip Rubber Base, Wa...",999,89,64,4.1
Candes Brio Turbo High Speed Decorative 600 mm 4 Blade ...,499,"1,221",27,4.1
Ambrane 6 Amp Qualcomm 3.0 Turbo Car Charger,"24,700",429,14,4.2
NOCKOUT Designer Mouse Pad Non-Slip Rubber Base Mouse p...,"3,050",178,56,3.6
SAMSUNG 7 kg 5 Star Inverter Fully Automatic Top Load S...,"1,899","17,990",28,4.3
Orient Electric Wendy 1200 mm 3 Blade Ceiling Fan,"19,500","2,599",25,3.9
Greenchef Multi Kettle Electric Kettle,"3,395",829,80,4.3
KENT Grand 11076 8 L RO + UV + UF + TDS Water Purifier,"1,497","13,999",44,4.5
HAVELLS 3 JAR MIXER GRINDER Aspro 500 W Mixer Grinder ,"1,599","2,525",87,4.2
RPM Euro Games Finger Sleeve For Gaming Pubg Mobile Gam...,"1,612",299,42,4
Shiv ENTERPRISE 46 in 1 Pcs Tool Kit & Screwdriver and ...,"1,299",889,53,4.3
Fixfeels Body scrubber Silicone Bath Body scrubber Doub...,"1,599",199,70,4
LandVK Heavy Duty Electronic Thick Tempered Glass LCD D...,650,749,66,4.3
Flipkart SmartBuy ATC002  Runtime: 90 min Trimmer for M...,"1,195",749,52,4.3
NoMed 200 Round Lancet for Dr Morepen BG03 Glucometer L...,999,195,74,3
Nova Silky Shine 1400 w Hot and cold Foldable NHP 8104 ...,"1,019",399,81,4
KUBRA KB-2028 Cordless Rechargeable Professional Hair a...,"2,695",479,67,4.2
Perify 10g-50Kg Digital Hanging Luggage Fishing Portabl...,"2,799",263,35,5
Nova Temperature Control Professional NanoTitanium Coat...,588,499,41,4
AMBITECH AMBINC-11 Compressor Machine Kit Nebulizer,"1,400",899,52,4.4
Anchor By Panasonic Spike Guard- 4 Universal Socket Shu...,"1,699",379,45,4
ACCU-CHEK performa 50 Glucometer Strips,"19,990",819,69,5
Ambrane Cruiser Mini  Runtime: 60 min Trimmer for Men,736,799,6,4.1
ONIDA 6.2 kg Fully Automatic Top Load Grey,"29,999","10,990",20,2
Tata Sky 100% Original Universal With USER MANUAL & WAR...,"2,880",221,60,4
OnePlus Y Series 108 cm ,999,"27,999",74,4.2
USHA MIST AIR DUOS 400 mm 1280 Blade Pedestal Fan,599,"2,299",74,5
Easy Way Wireless Handheld Bluetooth Mic with Speaker ,599,391,79,4
AVN Elite Trigger and finger sleeve combo pack for pubg...,999,151,26,4
AVN Elite Trigger and finger sleeve combo pack for pubg...,799,151,12,3.8
GROFL Pubg & Free Fire Call of Duty Anti-Slip Thumb Sle...,"61,490",202,69,4.5
CROMPTON ACGEI-BRIO 1000 W Dry Iron,736,590,45,5
SONY Alpha ILCE-6000Y/b in5 Mirrorless Camera Body with...,"19,990","53,990",6,4.1
Tata Sky 100% Original Universal With USER MANUAL & WAR...,"29,999",221,24,4.2
ONIDA 6.2 kg Fully Automatic Top Load Grey,"9,000","10,990",81,4.1
OnePlus Y Series 108 cm ,599,"27,999",30,4
KENT ULTRA STORAGE 8 L UV + UF Water Purifier,"1,499","6,799",53,4.3
Filiz pubg mobile/Call off duty/free fire all shooting ...,899,109,28,3.9
Redgear Pro Series ,"4,750","1,049",65,3.8
Nova Plus 1100 W Amaze NI 30 1100 W Dry Iron,999,415,23,4.3
Atomberg Renesa 1200 mm BLDC Motor with Remote 3 Blade ...,999,"3,396",52,4.2
chaoba pes 2888 2888 Hair Dryer,699,345,66,4
Syska HT200 Pro Beard Pro  Runtime: 45 min Trimmer for ...,799,764,57,4.3
Flipkart SmartBuy Electric Egg Boiler 1114 Egg Cooker,799,329,80,4.6
TheNextStore WH-A08 Acrylonitrile Butadiene Styrene Por...,"1,999",269,53,4.2
Glancing 10g-50Kg Digital Hanging Luggage Fishing Porta...,"1,299",340,64,4.4
Profiline Barber & Saloon Choice Hair Beard Moustache B...,"1,699",399,2,4.3
BEARDO BD-TMET01  Runtime: 45 mins Trimmer for Men,975,599,60,4.1
Laxit Enterprise Electronic Thick Tempered Glass & LCD ...,"1,199",604,12,4.3
ACCU-CHEK Instant S 50 Glucometer Strips,"1,825",949,67,3.7
Choaba HAIR DRYER POWERFUL HOT AND COLD Hair Dryer,799,474,41,4.4
CROMPTON Super briz deco 1200 mm 3 Blade Ceiling Fan,"1,949","1,599",17,3.6
SUPARAB Non-Stick Aluminium Mini Gas Toaster | Bread Gr...,"38,900",258,27,4.2
Flipkart SmartBuy Classic Electric Rice Cooker with Ste...,"12,600","1,149",45,4.3
SAMSUNG 108 cm ,"1,950","31,999",48,3.6
"SAMSUNG 6.5 kg 5 Star Semi Automatic Top Load White, Gr...","6,050","9,190",17,4.3
Silver Home STAR001 450 Mixer Grinder ,"1,025","1,054",64,4.3
Butterfly Mixer Grinder Thunder 750 W Juicer Mixer Grin...,"4,598","3,094",64,4.4
PHILIPS HI113 1000 W Dry Iron,"14,500",848,42,4.2
Fabiano Tulip FAB-MG-03-E18 500 W Mixer Grinder ,"2,799","1,649",38,4
Aquagrand Epic purify Mineral+ro+uv+uf+tds 15 L 15 L RO...,"1,199","5,199",41,4.4
Flipkart SmartBuy PowerChef Premium 500 W Mixer Grinder,"11,999","1,599",21,4
Healthgenie Thick Tempered Glass Lcd Display Digital We...,"6,975",739,14,4.3
LIVPURE LIV-PEP-PRO 7 L RO + UF Water Purifier,"34,290","6,999",29,4.2
Sujata Juicer Mixer Grinder POWERMATIC PLUS 900 Juicer ...,"29,990","5,492",58,4.2
"IFB 7 kg 3D Wash Technology, CradleWash, Aqua Energie, ...",999,"29,489",74,4.1
dji Osmo Osmo Action Sports and Action Camera,699,"20,999",63,4.2
S Satisfyshop Stainless Steel Electric Egg Mixer Beater...,"1,299",414,5,3.7
"INUOAP Pubg Anti-Slip Thumb Sleeve, Slip-Proof Sweat-Pr...",995,175,60,4
Kemei Temperature Control Professional KM-329 329 Hair ...,699,475,73,5
PHILIPS 1210  Runtime: 30 min Trimmer for Men & Women,"1,495",944,70,5
"Deals Destination 25 in 1 Repair tool kit for PC, Mobil...","2,895",274,68,4.2
Nova Pro Shine NHS 841 Hair Straightener,999,399,43,5
VGR V-080 Cordless Professional Hair Trimmer  Runtime: ...,350,845,68,4
AG Enterprises NOVA NS 216 HAIR CUTTING SALOON CHOICES ...,999,312,80,4.3
DIGWAY 8 SOCKET 2 SWITCHES EXTENSION CORD/ EXTENSION BO...,799,199,63,4
Romino Digital Kitchen Weighing Machine Multipurpose El...,999,319,67,1
BORIS Healing Jade Roller Jade Roller for Face Anti-agi...,"1,999",155,57,4.3
Abgrow EC HTC 527 Runtime: 45 min Trimmer for Men & Wom...,699,364,1,4
GNV Full Body Pains Relief Massager Machine Massage Mac...,"59,999",640,75,5
Lenon SF 400 Electronic Digital 1Gm-10 Kg Weight Scale ...,"1,999",299,43,3.8
Mi Q1 138.8 cm ,"2,799","58,999",40,4
"Flipkart SmartBuy 12 Inch Tripod with Flexible Stand , ...","4,170",499,75,3
Sansui ProHome Melange 500 W Mixer Grinder ,600,"1,575",21,4.3
BAJAJ ICX Pearl Induction Cooktop,"21,350","2,499",57,4
"LXCN Collar Microphone With Clip for Chatting, Voice & ...",699,149,13,4
Whirlpool 6.5 kg Fully Automatic Top Load with In-built...,"39,990","16,785",26,4.5
Crozier finger sleeve cap for sweat breathable full tou...,"1,110",299,10,4
IFB 8 kg Fully Automatic Front Load with In-built Heate...,"12,050","34,590",35,3.8
Prestige Pkoss 1.5 Electric Kettle,"22,490",815,83,4.1
"Whirlpool 7.5 kg 5 Star, Ace Wash Station Semi Automati...","1,889","10,740",44,4.2
Haier 7 kg 5 star Ariel Wash Fully Automatic Top Load B...,"3,899","14,490",69,4.3
RamX 100 psi Tyre Air Pump for Car & Bike,"2,385",315,37,4.1
Flipkart SmartBuy Tornado 750 W Mixer Grinder,"5,295","2,149",82,3.9
Singer Aroma,"1,999",725,26,4.2
HAVELLS MaxxGrind 750 W Mixer Grinder ,"14,999","3,299",42,4.2
Starpro Professional 3110 Tripod with mobile holder Lig...,"2,799",345,54,4.3
Mi Smart ,"1,995","10,999",64,4.4
Flipkart SmartBuy PowerChef Premium 500 W Mixer Grinder,999,"1,599",17,4.3
BOYA BY M1 Omnidirectional Lavalier Microphone for Cano...,"12,090",899,42,4.2
Auto Hub Microfiber Vehicle Washing  Cloth,"16,490",359,42,4.1
"LG 6.5 kg 4 Star Semi Automatic Top Load White, Blue","2,499","9,990",48,4.5
LIVPURE Pep Pro Star 7 L RO + UV + UF + Minerals Water ...,"1,222","9,499",57,4.3
Orient Electric Ujala Plus 1200 mm Energy Saving 3 Blad...,"3,699","1,449",70,4
HDAY ENTERPRISE Heavy Duty Electronic Thick Tempered Gl...,999,624,50,3.8
Agaro Cosmic Plus Sonic 33438 Electric Toothbrush,"2,488","1,566",38,3.8
"Virth Portable eyebrow Hair Removal Eyebrow Trimmer, Fa...","1,099",299,57,4.1
VGR V-085 Professional Hair Clippers Rechargeable Cordl...,"3,699","1,234",31,4.1
VEGA VHSH-18 Hair Straightener,"1,395",679,50,4.4
Agaro Cosmic Plus Sonic 33438 Electric Toothbrush,"2,488","1,566",14,4
HAVELLS HS4104 Hair Straightener,"1,523",949,80,3.9
VGR V-085 Professional Hair Clippers Rechargeable Cordl...,"1,485","1,234",78,3.8
Standard BPCare AS 35K ,599,"1,299",14,4.1
"I view Painless Face Hair Remover Upper Lip, Chin, Eyeb...","5,800",290,50,3.8
P G IMPEX pubg triggers  Gaming Accessory Kit,999,128,75,4.3
ONIDA 6.5 kg Washer only Red,"1,459","4,969",19,4.3
Redgear MP80 ,"18,950",499,80,4.1
KBOOM Camera Tripod 3110 Stand Mobile Phone Video Camer...,"1,788",355,42,4.2
Whirlpool 7 kg Fully Automatic Top Load Grey,"2,499","15,240",26,4.1
Terabyte  TV-out Cable MINI HDMI2AV HD Video Converter,"1,110",343,1,4.3
Orient Electric Ujala Plus 1200 mm Energy Saving 3 Blad...,"25,999","1,449",25,4.2
Prestige Pkoss 1.5 Electric Kettle,"21,500",815,71,3.4
realme 108 cm ,"1,599","25,499",53,4.1
SAMSUNG 6.5 kg 5 Star Inverter Fully Automatic Top Load...,"3,699","15,990",42,4.3
JKR Enterprise JKR-2019 180 W Electric Whisk,"2,499",448,39,5
Sansui Pro Home Allure 500 W Mixer Grinder ,"4,595","1,729",84,5
Orient Electric Ujala Plus 1200 mm Energy Saving 3 Blad...,999,"1,449",61,4
Inalsa Easy Clean Dry Vacuum Cleaner with Reusable Dust...,670,"2,799",32,5
Ekon 2 Pair Of Mobile Anti-Slip Finger Sleeve Cots Touc...,"1,299",150,32,5
"KENT gold original Spare Kit UF membrane, carbon pack &...","2,299",666,27,4.5
Greenchef Kettle1.5L Electric Kettle,"54,999",499,77,5
Greenchef Melon 600 Mixer Grinder ,"43,299","1,549",46,5
MOTOROLA ZX Pro 127 cm ,"1,999","36,999",74,4.4
BOSCH 8 kg INVERTER TOUCH CONTROL Fully Automatic Front...,299,"31,490",47,5
"Genova Fast Boiling Tea Kettle Cordless, Stainless Stee...","1,499",449,38,1
TECHON  TV-out Cable vga male to male cable 1.5 meter,899,160,47,3.9
Billion BLN-1-Grey-Navy blue-HiStorage 30 L Laptop Back...,"1,099",379,63,5
QUALX Shock-Proof & Water-Proof 1500 Copper 1500 W Imme...,400,469,66,1
VEGA VHSH-18 Hair Straightener,499,679,57,4.1
Thermocare Latex Free Stethoscope single tube stethosco...,"2,285",209,40,4
"CROMIFY Mini Hair Straightener, Portable Mini Ceramic P...",849,181,66,4.2
Kemei Professional KM 609 Hair Clipper  Runtime: 90 min...,"1,999",775,34,4.5
Kemei Kemei Electric Flat Iron Straightening Irons Cera...,900,359,77,4.1
Kemei KM-809A  Runtime: 240 min Trimmer for Men & Women,"1,295","1,199",5,4.2
Techobucks Best buy Professional Handheld Corded Vocal ...,989,299,56,4.3
Alere G1 AGM-4000 ,945,853,47,4
"KolorFish Jade Roller,Anti-aging 100% Natural Facial Ja...","1,250",218,63,3.6
PHILIPS BT1212/15  Runtime: 30 min Trimmer for Men,400,897,77,4.5
On Call Plus Glucose 50 Glucometer Strips,499,542,60,4.2
Thermocare Latex Free Stethoscope single tube stethosco...,989,209,28,4.4
"CROMIFY Mini Hair Straightener, Portable Mini Ceramic P...",499,181,14,4
"KolorFish Jade Roller,Anti-aging 100% Natural Facial Ja...","4,750",218,15,4.1
HighSeas Mobile Finger Sleeve Cots Touch screen Game Co...,"25,690",199,22,4.1
Atomberg Renesa 1200 mm BLDC Motor with Remote 3 Blade ...,"31,990","3,396",65,4.2
IFB 6 kg 5 Star Fully Automatic Front Load with In-buil...,"1,995","21,990",11,3.9
LG 6.5 kg 5 Star Fully Automatic Front Load with In-bui...,"1,06,990","26,990",28,3.9
Logitech G102 Light Sync Wired Optical  Gaming Mouse,"80,490","1,549",84,4
iFFALCON by TCL 138.6 cm ,"4,750","36,999",65,4.3
SONY Alpha ILCE-6400 Mirrorless Camera ,"1,999","70,990",38,4.4
Atomberg Renesa 1200 mm BLDC Motor with Remote 3 Blade ...,"15,000","3,396",59,4
Worricow Best Quality Sports Stereo Sound Bluetooth hea...,"3,310",309,13,4.2
Aquagrand SkyLand Alkaline + 18 L RO + UV + UF + TDS Wa...,799,"5,219",38,4.1
Prestige PIC 16.0 plus Induction Cooktop,"11,950","2,049",37,4
Homware Nonstick Sandwich maker Toast & GRill Grill,250,320,16,4.4
"Whirlpool 7 kg 5 Star,Turbo Scrub Technology Semi Autom...","2,395","10,390",38,4.4
"Sabitri Store Finger Sleeve, Anti Sweat, Slip Proof for...","1,399",153,19,3.9
Prestige PHM 2.0 300 W Stand Mixer,250,"1,499",41,4.1
HP K500F Wired USB Gaming Keyboard,"13,590","1,170",66,4.3
FOTON POWER Mobile Clip Tripod Mount Adapter Tripod Mon...,"2,990",153,34,4.8
"LG 7 kg Semi Automatic Top Load Maroon, White",900,"10,990",44,4
NASAKA Xtra Sure 20 L Gravity Based Water Purifier,"1,295","1,756",31,4.1
Techobucks Best buy Professional Handheld Corded Vocal ...,"1,995",299,32,4.1
Alere G1 AGM-4000 ,"1,599",853,55,4.2
NOVA NG 1152-05 USB  Runtime: 60 min Trimmer for Men,383,"1,099",45,4.5
ROBMOB MM12 Professional Magic machine Massager  ,"1,550","1,095",74,4.3
eWAVE Weighing_Scale_Capacity_50Kg_Kata Weighing Scale,345,257,79,4.5
ABBOTT Freestyle optium 50 Glucometer Strips,699,685,1,4
IKIS NA Standard Screwdriver Set,"1,199",187,53,3.9
AJRO DEAL Clip on Collar Tie Pocket For Voice Recording...,"1,495",175,29,4.4
Miraaz Digital Noise Cancellation Clip Collar Mic Conde...,"24,990",246,50,4
PHILIPS NEW SERIES  Runtime: 60 min Trimmer for Men,998,"1,475",41,5
Hindware Nevio Plus 60  Auto Clean Wall Mounted Chimney,"2,600","11,499",44,4.1
Hicks Pressure Guard Sphygmomanometer Aneroid Bp Monito...,"5,999",699,35,5
contour ts Bayer Contour 100 Glucometer Strips,899,"1,280",40,3
MOTOROLA DVM4KA01 Media Streaming Device,"1,699","3,499",55,4
Ortan Longlife ,"5,000",500,26,5
CHILLAXPLUS Portable 4 in 1 with adapter and foot pedal...,"4,590","1,099",16,5
BAJAJ 3 L Instant Water Geyser ,"4,499","2,999",42,4.1
Pigeon Acer Plus Induction Cooktop with IB 3 Ltr Pressu...,"19,800","2,049",82,5
EUREKA FORBES Quick Clean DX Dry Vacuum Cleaner with Re...,"21,900","3,299",33,4
SAMSUNG 7 kg Monsoon drying feature Fully Automatic Top...,600,"16,490",61,4.5
Blue Star Opulus 8 L RO + UV + UF + IBT + Alkaline Wate...,"1,000","12,490",14,5
rich hood NEW ARRIVAL FINGER GLOVES PUBG TRIGGER Game F...,799,107,29,5
CROMPTON ACGEI-INSTAGLIDE 1000 W Dry Iron,860,663,72,4
SKYTOP High Quality Tripod Stand 360 Degree 3110 Portab...,300,309,9,4.2
ORPAT HHB-100EWOB 250 W Hand Blender,699,739,10,4.1
KODAK High Gloss 200 Gsm A4 ,175,212,59,4
Airtel Airtel HD remote HD Set Top Box Remote With AAA ...,"29,999",195,64,4.2
BAMBALIO 8 Digits BL-100 Blue Portable pocket calculato...,"1,990",158,50,3.9
Mi 4A Pro 108 cm ,999,"26,999",70,4
Photron Stedy Pro 550 Tripod,899,799,69,4.3
Sahi Victoria BL 750 W Dry Iron,500,355,28,3.9
Filiz XT02 Professional Video and Picture Catcher Bluet...,628,449,60,4
NEFI Pubg & Free Fire Call of Duty Anti-Slip Thumb Slee...,"2,290",149,72,4.1
UPROKT PUBG Shooter Controller Gaming Trigger Fire Free...,"1,999",189,64,4.4
V-Guard Mini Crystal Supreme TV Voltage Stabilizer for ...,"1,500","1,639",32,4.2
Kemei Rechargeable Professional Hair Trimmer for Men  R...,"1,599",799,85,4.1
HME 1107 Hair Cutting Saving Classic Machine Beard Trim...,249,419,70,4.3
Perfect Nova ,"12,000",569,70,3.4
Control D CDT01 Digital Thermometer,"1,299",169,15,4.3
DR PHYSIO ,"4,000","1,699",54,4
Flying monk Lipstick Shape Electronic Facial Hair Remov...,"1,995",389,1,4.4
DR PHYSIO USA Powerful Body Massage machine HammerPro m...,999,"1,199",80,4.2
Panasonic ER207WK24B  Runtime: 60 min Trimmer for Men,895,"1,685",52,4.4
RTB Electronic Digital 1Gram-10 Kg Weight Scale Lcd Kit...,999,459,66,4.3
PHILIPS BT1230/15 Beard Trimmer  Runtime: 30 min Trimme...,498,885,17,3
Vadhavan Roller Anti Aging 100% Natural Jade Facial Rol...,799,198,8,4.2
MilanEnterprise Scalp Massager 3 Hair Massager For Men ...,"1,700",235,17,4.2
Hillgrove Electronic Gadget 9in1 New Mobile Soldering I...,"1,099",269,64,4.3
PHILIPS BT3102/15  Runtime: 60 min Trimmer for Men,670,"1,400",48,3.6
ACCU-CHEK Instant S Meter Glucometer,520,"1,008",51,4.1
KENT gold spare kit Solid Filter Cartridge,299,666,55,4.1
HAVELLS 6A Four-Way Extension Board 4  Socket Extension...,"2,799",429,50,4.1
MilanEnterprise Scalp Massager 1 Hair Massager For Men ...,"7,849",107,13,4.3
Flipkart SmartBuy PowerChef Storm 500 W Mixer Grinder ,"2,250","1,449",31,4.4
Candes 15 L Storage Water Geyser ,499,"3,812",82,4.3
zigma TIKTIK Quiet Portable 300 mm Ultra High Speed 3 B...,860,"1,007",32,4.1
Filiz combo pack of Snesored D9 Triger Red & Black With...,790,249,48,4
ORPAT HHB-100E WOB 250 W Hand Blender,"2,699",740,51,4.5
USHA EI 2802 i 1000 W Dry Iron,"45,999",538,45,3.9
INDOUS WS-858 Wireless Bluetooth Microphone Recording C...,"2,799",480,50,4
Nokia 108 cm ,"7,849","30,999",13,4.1
Flipkart SmartBuy PowerChef Storm 500 W Mixer Grinder ,"10,240","1,449",55,4.3
Candes 15 L Storage Water Geyser ,499,"3,812",56,5
Kenstar 25 L Storage Water Geyser ,860,"5,599",53,1
Filiz combo pack of Snesored D9 Triger Red & Black With...,"2,250",249,72,4.4
ORPAT HHB-100E WOB 250 W Hand Blender,499,740,68,5
zigma TIKTIK Quiet Portable 300 mm Ultra High Speed 3 B...,699,"1,007",7,1
Techfab Smart TV Remote Control Compatible for  Smart T...,"1,599",219,31,4.2
"spincart Large Gaming Mouse Pad with Nonslip Base,Water...",999,324,70,2
Vruta 7-Speed Hand Mixer with 4 Pieces Stainless Blende...,"18,000",439,47,3
coolcold Large Size ,"1,595",315,36,4.1
"Whirlpool 7.5 kg 5 Star, Hard Water wash Fully Automati...","1,299","16,740",31,4
Prestige PSMFB Toast,"1,900","1,099",39,1
Chartbusters LIGHT WEIGHT 750 W NP-04 750 Dry Iron,"4,050",377,41,3.6
KENT 16055 Electric Kettle,"1,095",999,28,5
CROMPTON 3 L Instant Water Geyser ,"5,499","2,564",16,3
Prestige PKOSS 1.5 LITRE Electric Kettle,"83,990",749,19,4.5
Candes 10 L Storage Water Geyser ,"2,099","3,347",75,4.3
LG 139 cm ,599,"48,999",47,4
Agaro Regal Hand-held Vacuum Cleaner,"19,550","1,503",5,4.2
HP M260 Wired Optical  Gaming Mouse,999,500,48,3.4
"Whirlpool 7 kg 5 Star, Hard Water wash Fully Automatic ...","1,281","15,740",49,3.6
Klick N Shop 50Kg Portable Hanging Luggage Weight Machi...,"1,095",249,45,4.3
Geemy GM-6050  Runtime: 120 min Trimmer for Men & Women,"2,699",667,56,4.6
OneTouch Verio 50 Glucometer Strips,"2,560","1,040",60,3.5
Syska HB 100 Ultra Clip Hair Clipper  Runtime: 90 min T...,800,"1,399",68,4.3
OMRON compressor nebulizer ne- c106 Nebulizer,"1,599","1,299",32,3.7
Electronic Spices Combo for DIY Incubator W1209 12V DC ...,"2,599",439,19,4.1
Granny Smith Personal Human Body Weight Machine R2003A ...,799,689,37,4.2
Pristyn care Fully Automatic Electronic BP Monitor Bp M...,"1,595","1,039",33,4.3
CKINDIA NHC-522 Hair Straightener,999,249,54,4.3
PHILIPS HP6388/00  Runtime: 60 min Trimmer for Women,799,"1,075",36,4
GVC Iron Analog/Manual Weighing Scale,"1,045",801,37,4.1
VEGA INSTA GLAM 1000 HAIR DRYER VHDH-20N Hair Dryer,600,499,19,4.1
HAVELLS HD3101 Hair Dryer,"1,099",699,32,4
AccuSure 32 MT32 Thermometer,799,180,54,3.9
MCP 3 IN 1 STEAMER VAPORIZER Vaporizer,999,275,27,4.2
realme N1 Sonic Electric Toothbrush,"1,595",699,47,4.1
VEGA INSTA GLAM 1000 HAIR DRYER VHDH-20N Hair Dryer,"1,000",499,78,3.9
GVC Iron Analog/Manual Weighing Scale,"1,795",801,47,4.4
PHILIPS HP6388/00  Runtime: 60 min Trimmer for Women,"6,500","1,075",58,4.4
Braxton Shock-Proof Copper Blue 2000 W Immersion Water ...,"1,999",459,53,4.3
PHILIPS GC1903 1440 W Steam Iron,"5,690","1,299",19,3.6
WONDERCHEF Nutri-blend CKM 400 W Juicer Mixer Grinder ,499,"3,399",69,4
GATHA SALES 7 Speed Control Detachable Stainless-Steel ...,"9,999",429,35,4.2
SONY DualSense  Gamepad,"21,990","5,990",73,4.1
Microtek EM4130+ Digital Display For AC upto 1.5Ton ,699,"2,999",28,3.9
Tata Sky 100% Original Universal Box ,"13,900",207,10,3.8
Aqua Fresh EPICAQUA++UV+UF+TDSADJUSTER 15 L RO Water Pu...,339,"4,629",46,4.1
SAMSUNG 198 L Direct Cool Single Door 5 Star Refrigerat...,"5,730","17,690",25,4
Tata Sky TataSky 100% Original remote with 2 Battery Ta...,999,215,42,4.1
Blue Star Aristo 7 L RO + UV + UF Water Purifier with P...,"1,499","8,990",64,3.7
The Printpack GOOD VIBES Mousepad,"9,995",89,9,4.5
Atomberg Renesa+ 1200 mm BLDC Motor with Remote 3 Blade...,"20,990","4,092",19,4
GVC Iron Analog/Manual Weighing Scale,999,890,54,4.2
GVC Iron Analog/Manual Weighing Scale,"2,700",801,36,4.4
PHILIPS FC9352/01 ,"21,350","7,479",65,3.4
ONIDA 6.5 kg 5 Star with WaterPlus Technology Fully Aut...,600,"11,990",72,4
CORSOR Gaming Mouse Wired For PC and Laptops Wired Opti...,"1,099",359,58,3
HAVELLS Ambrose 1200 mm 390 Blade Ceiling Fan,"2,499","2,449",52,4.1
"Whirlpool 7.5 kg 5 Star, Hard Water wash Fully Automati...","1,499","17,290",64,5
AccuSure 32 MT32 Thermometer,599,180,55,5
MCP 3 IN 1 STEAMER VAPORIZER Vaporizer,899,275,88,4.1
realme N1 Sonic Electric Toothbrush,"2,199",699,39,5
MAONO AU-100 Microphone,"2,350",850,26,2
Flokestone Double Layer Egg Boiler Electric Automatic O...,"1,499",409,70,4.3
DESTRON ENTERPRISE DE-3D Roller Massager 3D Roller Face...,"5,999",247,39,4
Nova Blue Electric Egg Boiler NEC 1530 Egg Cooker,"1,345",426,31,4
Gluneo Lite 100 100 Glucometer Strips,"1,999",789,65,3.7
Pristyn care Fully Automatic BP Monitor with Voice & Co...,"1,995","1,039",77,5
ewave Silicone Bathing Brush Exfoliating Back Scrubber ...,"1,500",179,68,5
MAONO AU-A04 Plus Microphone,699,"3,650",26,3.9
PHILIPS Blazon HP8120/00 Hair Dryer,599,993,71,3.8
VGR V-031 Hair Clipper & Beard Trimmer  Runtime: 90 min...,"1,599",595,50,4
HAVELLS 5301  Runtime: 105 min Trimmer for Men,"1,144","1,199",38,3.8
CONTOUR PLUS Contour Plus 50 Glucometer Strips,698,"1,023",33,4.4
Deals Destination 27 in 1 Precision Screwdriver Set Mul...,399,239,23,4.3
"HEALTHCARE Vaporizer, Facial Steamer, Steam Inhaler, Co...","14,090",132,59,4.4
SAT KEMEI KM-531 Hair Straightener KEMEI KM-531 Hair St...,"15,000",499,34,4.6
Dr. Morepen Glucometer with 50 strips with free FirstMe...,435,845,40,4.3
CIPHER SHOPS massager for men and girl Head and Scalp M...,"3,699",196,50,4.7
Manogyam Mini Portable Multi Function Electric Splint H...,"66,900",199,50,4.4
Hindware 85 L Desert Air Cooler,"15,949","8,699",60,3.6
CANDY 6.5 kg Fully Automatic Top Load Grey,799,"9,999",31,4
"Anchor By Panasonic 6A, Flexi cord - 3 Pin 4meter ",299,334,17,4.2
HP GK100 Wired USB Gaming Keyboard,"3,295","1,499",50,4.1
SONY Bravia X7002G 108 cm ,"19,000","43,999",62,4.4
V-Guard Zenora RO+UV+MB 7 L RO + UV + MB Water Purifier,775,"9,560",21,4.3
LipiWorld RC802V FMR1 32F2A 40F2A 49F2A LED LCD TV HD w...,899,399,26,4.4
RETRACK E9 Mobile Game Controller Trigger for Playing P...,"4,999",149,10,4.5
HAVELLS Aqua plus 1500w Electric Kettle,699,"1,299",30,4.2
KENT Ace Lite 8 L RO + UF + TDS Water Purifier,"37,899","12,999",58,4.4
USHA 3815 HI Water Proof 1.5KW 1500 W Immersion Heater ...,"17,850",640,52,4.1
Flipkart SmartBuy Dash Series G74 Gaming Mouse,"8,500",449,40,3.7
DWH Wireless Controller for Playstation 4 | Professiona...,"3,395","1,899",16,4.5
CROMPTON HL - 1 year Warranty 1500 W Immersion Heater R...,449,549,15,4.1
BOSCH 7 kg INVERTER TOUCH CONTROL Fully Automatic Front...,"50,000","27,990",64,4.1
"Whirlpool 10.5 kg 5 Star, Hard Water wash Semi Automati...","14,990","15,890",23,4
V-Guard 15 L Storage Water Geyser ,"2,140","5,949",65,4.5
Pigeon Acer plus Induction Cooktop Induction Cooktop,499,"1,399",72,4.6
Airtel DTH 100% Genuine HD Recording Universal ,"1,698",215,60,3.6
Vu Premium 108 cm ,990,"29,999",59,3.4
SAMSUNG 192 L Direct Cool Single Door 2 Star Refrigerat...,"1,318","12,490",36,4.2
PHILIPS HP8643/46 Hair Straightener + Hair Dryer,789,"1,799",70,4.3
grilfil 100 ml Manual Ice Cream Maker,"2,195",179,5,4.1
Dr.Morepen BG-03 100 Glucometer Strips,"2,500","1,307",68,4.5
Wipro Extension Board with 4 Universal Sockets and 2 me...,999,339,42,4.5
Rawnrich H T C PERFECT TRIMMER AT-206 for MEN/WOMEN ,360,360,21,4
Arzet 2 in 1 Hair Beauty Set | Electric and Professiona...,704,312,51,3.6
NOVA Digital NHT 1098 USB  Runtime: 150 min Trimmer for...,"1,295",899,25,4.2
caresmith CS639 WAVE Body Wand Massager | Dual Head Spo...,800,"1,599",72,4.1
JIGSHTIAL Digital Kitchen Weighing Scale Machine Multip...,599,290,65,4.3
TAPARIA Combination Screwdriver Set ,"4,295",342,60,3
NEW FLAWLESS BROWS NEWFLAWLESSBROWS REMOVES HAIR INSTAN...,"1,318",224,32,4
NOVA NLS 530 Sensi-Trim Touch  Runtime: 45 min Trimmer ...,990,749,27,4.4
USHA 1602 Electric Dry Iron with Non Stick PTFE coated ...,789,629,8,4
Crozier Gorilla Tripod/Mini Tripod 13 inch for Mobile P...,"4,895",290,51,5
PHILIPS HL7710 /00 600 W Mixer Grinder ,"32,190","3,199",21,4.1
Rawnrich H T C PERFECT TRIMMER AT-206 for MEN/WOMEN ,"15,000",360,25,5
Wipro Extension Board with 4 Universal Sockets and 2 me...,599,339,23,5
Arzet 2 in 1 Hair Beauty Set | Electric and Professiona...,800,312,18,4
PHILIPS Daily Collection HL7756/03 750 W Mixer Grinder ...,"4,295","3,299",76,5
SAMSUNG 6 kg 5-star Inverter Fully Automatic Front Load...,"38,990","23,490",12,5
"Whirlpool 8 kg 5 Star, Power Dry Technology Semi Automa...","28,990","13,740",56,4.5
Crozier Gorilla Tripod/Mini Tripod 13 inch for Mobile P...,399,290,30,5
USHA 1602 Electric Dry Iron with Non Stick PTFE coated ...,"19,900",629,80,5
PHILIPS HL7710 /00 600 W Mixer Grinder ,799,"3,199",27,3.9
LG 7 kg Fully Automatic Front Load with In-built Heater...,399,"29,990",32,4.4
SAMSUNG 253 L Frost Free Double Door 3 Star Refrigerato...,999,"23,590",50,4.3
SMULY MOUSEPAD NEVER GIVE UP Mousepad,"1,640",94,60,3.8
SAMSUNG 80 cm ,"4,800","17,499",55,4.2
BOOSTY 8 x12 FT GREEN LEKERA BACKDROP Reflector,999,349,11,3.6
AVIGNA 1993 2000 W Immersion Heater Rod,799,279,73,4.3
GROFL Pubg & Free Fire Call of Duty Anti-Slip Thumb Sle...,599,193,46,4.2
USHA heavy weight iron heavy weigt 1.75 kg 1000 W Dry I...,"80,490","1,190",55,3.9
Mi 4X 125.7 cm ,"2,800","34,999",50,4.2
CROMPTON Ameo ACGM-AMEO 750 Mixer Grinder ,"1,495","3,249",65,4.4
ZEBRONICS Zeb-Clash Wired Optical  Gaming Mouse,"1,499",499,65,4.7
Max Imm-Wa-He-15 1500 W Immersion Heater Rod,600,319,66,3.7
SpinBot GS-1P  Gaming Accessory Kit,999,269,29,4
SONY Alpha ILCE-6400 Mirrorless Camera ,"2,299","70,990",56,3.8
SD Codefree NO CODING 100 Glucometer Strips,599,732,64,3.3
HAVELLS BT5100C  Runtime: 45 min Trimmer for Men,299,799,40,4.4
TechSupreme Combo Of 2 W1209 + 12v 2Amp Adapter + 2 Pie...,299,661,26,4.1
INFINITY NS-216  Runtime: 45 min Trimmer for Men,899,300,74,3.9
HairKraft HKD1240 Hair Dryer,"1,499",349,64,4
VGR V-028B Professional Rechargeable Hair Clipper  Runt...,900,795,36,4
NG Stockist BOARD-2 8  Socket Extension Boards,"1,499",199,86,4.4
Zureni AL-206 3D Face Roller Ball Massager V Line Firmi...,499,210,65,3.7
DIGWAY Clip on Collar Mic Microphone,"2,850",129,66,4.1
TAPARIA ScrewDriver55 Combination Screwdriver,952,321,75,4.3
NOVA Prime Series NHT 1087-03 Turbo  Runtime: 120 min T...,489,899,17,3.8
MCP K86 Professional Hearing Aid Hearing Enhancer Ear M...,"2,999",664,30,4.5
ACM 2000 116 321a Acupressure Massager Tools Combo Kit ...,"1,299",387,69,4.1
KRISHNA Accupressure Blood Circulation accupressure Mat...,399,175,70,4
VEGA VHSS-03 ,999,"1,799",63,4.1
smartizo silicone body scrub Smartizo Silicone body scr...,857,133,14,4.1
VEEJAR 3 in 1 MULTIPLUG Extension Cord ,"1,500",170,20,4.2
Pristyn care DIGITAL BP MONITOR Upper Arm Style BP Moni...,999,999,70,4.2
Krisell Pre housing filter complete set for RO Water Pu...,"3,499",318,51,4.4
Syska 4 Way power strip 4  Socket Extension Boards,"1,299",329,80,4.1
FYC RF-666 High Power  Runtime: 200 Trimmer for Men & W...,699,699,20,4.1
Mobhead pad 8.5 Inch L,"2,995",260,82,4.2
Sulfur 2.1 metre stand ,"1,999",449,20,4.2
little monkey High qauility WS-858 Wireless Bluetooth M...,"13,900",363,81,3.5
Google Chromecast 3 Media Streaming Device,499,"2,999",65,4.3
AMKETTE EvoFox Fireblade LED Backlit Wired USB Gaming K...,"20,799","1,029",15,4.3
Dish TV Universal HD Recording Dish Tv Remote Controlle...,599,208,11,4
EVEREADY MG500i LX MG500iLX 500 Mixer Grinder ,999,"1,449",31,5
Easy Way Wireless Handheld Bluetooth Mic with Speaker B...,790,399,62,3.9
SAMSUNG 28 L Convection & Grill Microwave Oven,"29,495","10,990",19,3
RETRACK Clip Bracket Stand Holder Adapter Mount For Cel...,"7,970",85,20,3
BOSCH 6.5 kg Fully Automatic Top Load Grey,499,"16,490",29,4.1
Mi 4A PRO 80 cm ,"4,200","14,999",76,2
PORTLIX SUPER SMOOTH FINGER GLOVES PUBG TRIGGER Game Fi...,"2,355",110,62,5
MUNTUN Tripod 3110 Foldable Camera Tripod With Mobile C...,"61,999",345,72,4.4
CROMPTON ACGIH-IHL251 1500 W Immersion Heater Rod,"1,499",668,62,5
"Canon EOS 3000D DSLR Camera 1 Camera Body, 18 - 55 mm L...",499,"25,999",49,5
Preethi Blue Leaf Expert MG 214 750 W Juicer Mixer Grin...,499,"5,499",77,4.3
NOCKOUT Gaming Mouse Pad Non-Slip Rubber Base Mouse pad...,499,188,23,5
HAVELLS Leganza 4 Blade 1200 mm Ultra High Speed 4 Blad...,"14,990","3,399",35,4
BAJAJ MIDIEA BT-07 400MM 400 mm 3 Blade Table Fan,599,"1,879",35,4.1
MOTOROLA ZX Pro 139 cm ,"1,690","43,999",65,2.8
AutoPowerz AUTOPZ06 OBD Reader,"2,000",358,12,4.3
RRHR SALES finger cap for sweat breathable full touch s...,999,189,71,4.1
Zabolo Collar - Mic Clip on Microphone 3.5mm for Lectur...,"2,800",139,3,4.2
NOCKOUT Designer Mouse Pad Non-Slip Rubber Base Mouse p...,829,188,60,4.2
Hindware Calisto RO + UV + UF 7 L RO + UV + UF Water Pu...,"1,299","7,499",36,3.5
KAM 3.5mm Clip-on Mini Microphone for Android/iOS Devic...,206,133,60,4.3
AccuSure XL Nebulizer,"2,149","1,289",79,4.2
HAVELLS BT9005  Runtime: 90 min Trimmer for Men,499,"1,299",50,4.2
Nirvani CH-2888 471B NHC-522 Personal Care Appliance Co...,"2,499",649,4,4.5
POCT BP-10 ,"2,998",980,63,4
Syska HT200U BeardPro Trimmer Cordless & USB Charging f...,999,725,48,4.4
Nirvani 2888 2888 Professional Hair Dryer for Men and W...,625,369,70,4.3
MINISO Thirty-one pieces Screwdriver Set Standard Screw...,499,199,27,4.2
Control D HDCDSTP100 100 Glucometer Strips,"24,990",853,55,4
RTB Hair Dryer with Fold able Handle and Mini Hair Stra...,599,319,37,4.3
Control D Compressor Complete Kit with Child and Adult ...,199,999,54,4.1
BellAella Heavy Duty Electronic Thick Tempered Glass LC...,899,620,55,4.2
Gadget Tree Electronic Kitchen Digital Weighing Scale U...,999,499,74,4.2
"Anchor By Panasonic 6A, Flexi cord - 2 Pin 4meter ","1,100",330,77,4.4
OneTouch Select Plus 25 Glucometer Strips,"2,000",598,10,4
Adhunik Rasoi ,699,184,58,4.3
Hindware Nevio Plus 90  Auto Clean Wall Mounted Chimney,"1,299","12,799",58,4.3
Gantavya Best Brand Portable Electronic Mini Hair Strai...,195,174,70,4.3
MAK 01 hair massager for men and girl Head and Scalp Ma...,"1,199",145,36,4.3
Sarvopari Mega Mall 100% ECO Environmental Electronic u...,899,399,53,4.4
"WOWSOME Screwdriver Set For Mobiles phones, tablet PDA,...",999,627,73,4.3
On Call Plus OCP50t 50 Glucometer Strips,"46,999",499,49,4.3
JBL Commercial CSLM20B Omnidirectional Lavalier with Ba...,"1,499",890,79,3.8
Scart Microfiber Cloth ,599,179,71,4
ARVANA 8.5 inch LCD Writing Pad For Kids Re-Writing Pap...,"58,990",296,68,3.8
How to Win Friends and Influence People - The First and...,599,175,13,3.7
"Qozent 10 kg Kitchen Scale, Food Scale, Digital Scale B...",999,498,66,4.1
RIBQO 2888 Hair Dryer,799,374,55,4.2
Qozent 10g-50Kg Digital Hanging Luggage Fishing Portabl...,"21,390",299,66,4.2
MOTOROLA ZX Pro 109 cm ,599,"29,999",52,4.3
Grostar TWS A6S ear buds True Wireless Earbuds A6S Blue...,999,699,61,4.3
PORTLIX Gaming PUBG Trigger Controller for Shooting Sle...,599,157,41,3.8
iFFALCON by TCL 126 cm ,"1,999","29,999",68,4.2
BUY SURETY New Arrival Gaming Touchscreen Conductive Fi...,899,124,44,4
LINGAZ CL-PAD-Wood Cooling Pad,"7,795",289,24,4
Terabyte  TV-out Cable HDMI to VGA Convertor with Sound,"1,888",255,16,4
"IFB 6.5 kg 3D Wash technology, Triadic Pulsator, In-bui...","2,299","18,399",39,4.4
Filiz combo pack of Snesored D9 Triger Red & Black With...,"31,299",198,42,5
Tom & Gee J 01 Fruit And Vegetable Mixer Hand Juicer 0 ...,499,444,16,3
Filiz Combo pack of Snesored D9 Triger Red & Black With...,"5,999",199,36,4.5
Flipkart SmartBuy Premium TA 1022 750 W Pop Up Toaster,"19,900",949,72,5
Stookin 8 x12 FT Green LEKERA Backdrop Photo Light Stud...,"83,995",345,72,5
Panasonic MX-AC410 Blue 550 W Mixer Grinder ,"46,999","4,599",40,4.2
Grostar 200BT ` 64 GB MP3 Player,"1,295",599,6,4
Candes Star High Speed Anti-Dust 1200 mm 3 Blade Ceilin...,599,"1,286",56,5
BOSCH 6 kg Fully Automatic Front Load with In-built Hea...,"2,499","23,490",10,4.4
Naeco 3110 Mobile Phone & Camera Stand Holder Tripod Ki...,845,419,58,5
MAHARAJA WHITELINE Ultramax Elite MX-222 800 W Mixer Gr...,400,"3,614",13,5
Blue Star Opulus 8 L RO + UV + UF + AMI + Mineralizer W...,219,"11,490",62,4.2
Canon M6 Mark II Mirrorless Camera with 15-45 lens,"1,699","69,999",24,4.2
MOTOROLA ZX Pro 109 cm ,499,"29,999",37,4.1
NOVA NHT 1046/00  Runtime: 30 min Trimmer for Men,"3,100",359,22,4.2
AVJ avj 17 Mini hair straightener portable professional...,"1,977",166,56,4.3
Gadget Tree Balancia 30kg Double Display High Quality W...,339,"1,499",21,4.1
PHILIPS original Hair Dryer HP8142/00 Hair Dryer,450,790,56,4
Thermocare R 3 in 1 streamer/ Vaporizer,687,172,2,4.7
"Dettol Disinfectant Skin & Surface Wipes, Floral - 80 C...",549,197,43,4.3
ZEBRONICS ZEB PS5320 USB PLUS POWER STRIP 5  Socket Ext...,599,706,52,3.8
Dr. Morepen Glucoone BG 03 25 Glucometer Strips,395,434,66,4.1
Dr. Trust ,"1,899","1,149",72,4.5
Carent BP-70 B-70 Fully Automatic Digital BP Checking I...,"2,100","1,499",71,3.8
Mangla traders Mini Facial And Nose Steamer/ Vaporizer ...,"2,399",213,82,4.1
"Anchor By Panasonic 6A, Flexi cord - 2 Pin 8meter ","1,295",349,12,4.4
Antique Buyer Plus Curler With Ceramic Plate Hair Strai...,999,297,42,4.4
Syska Power Wheel-PW-0304 3  Socket Extension Boards,"5,144",429,80,4.2
Flipkart SmartBuy Electric Egg Boiler 1113 Egg Cooker,799,260,24,4.2
Wonder Steam Inhaler ,"3,298",385,31,4.4
Milton Smart Egg Boiler - 360 Watt ,499,"1,079",38,4.2
Morphy Richards HD1800DC 340023 Hair Dryer,"31,299",999,62,4.3
Dr. Morepen GlucoONE,945,795,25,4.2
NOVA NHT 1046/02  Runtime: 30 min Trimmer for Men,"15,990",359,50,4.3
"Eliq Painless Face Hair Remover Upper Lip, Chin, Eyebro...",399,288,71,4.3
BOYA Omnidirectional Lavalier Condenser Microphone with...,"10,495",899,18,3.8
Mi T100 Electric Toothbrush Electric Toothbrush,399,699,51,4.2
V-Guard MG 503 PRO 500 W 500 Mixer Grinder ,"1,299","1,899",82,4.1
ImmortalDragon Designer Mousepad Mousepad,"7,999",97,68,4.4
BOSCH 6 kg Fully Automatic Front Load with In-built Hea...,899,"23,490",25,4.1
USHA SNI03 1000 W Dry Iron,"2,499",649,52,4.2
"Sansui 9 kg Semi Automatic Top Load White, Maroon","1,499","9,790",15,4.3
"niks Mobile Game Controller Finger Sleeve Set, Breathab...","8,999",149,74,4.2
Singer FM 2250 Electric Sewing Machine,699,"7,799",9,3.8
"niks 3 Pair Gaming Touchscreen Finger Cap, Breathable T...","6,499",199,23,4
Niyara enterprise Stainless steel Manual puri maker pre...,599,369,38,4.3
EUREKA FORBES Smart UV Water Purifier,"32,999","6,499",55,4.1
Ortan Longlife Hot Water Pot Electric Kettle,"31,400",440,50,4.1
"Acnos Egg, Lassi, Butter Milk Maker, Cakes 260 W Electr...","10,810",449,64,4.5
Infinity Creation 20001-Hot Water Pot Portable Boiler T...,"4,999",470,63,3.3
Karcher WD3* EU-I/WD3* EU Wet & Dry Vacuum Cleaner,499,"6,699",82,3.1
"Tom & Gee Square Grill Toaster Sandwich Toast Grill, To...","1,399",329,43,4.1
EUREKA FORBES Aquasure Aqua Flo DX NEW UV Water Purifie...,950,"5,499",35,5
PORTLIX TO SMOOTH BREATHABLE FINGER GLOVES PUBG TRIGGER...,"2,499",151,82,5
realme 108 cm ,"2,000","29,999",34,4.3
Haier 256 L Frost Free Double Door Bottom Mount 3 Star ...,"66,990","23,990",43,3
HAVELLS 10 L Storage Water Geyser ,999,"6,699",54,4
Sansui Deluxe Plus Electric Rice Cooker with Steaming F...,"74,660","2,249",23,4.4
LipiWorld SA-D20 SA-D40 SA-D10 SA-WMS10 SA-WID7 Multime...,"2,098",248,70,4
BASEL High Speed 300-Watt Hand Mixer with 7 Speed ,649,499,66,3
Powerpak Aluminum Alloy Tripod Stand with Mobile Holder...,"1,699",349,50,4.4
"Genova Fast Boiling Tea Kettle Cordless, Stainless Stee...",749,449,53,5
KENT 16052 Electric Kettle,999,"1,129",15,5
LG All-in-One 126 cm ,"1,699","42,999",77,4.1
Gentle e kart ® Noise Cancellation Clip Collar Mic with...,"2,995",170,38,3
Panasonic Lumix G85M Mirrorless Camera Body with 12 - 6...,399,"48,999",45,1
Dr. Morepen BG03 Glucometer sugar check machine with 75...,999,"1,175",67,4.1
ZEBRONICS Zeb-PS4301 Universal 2500 Watts Power Extensi...,"1,295",297,85,4.8
Kemei KM809A ,349,"1,299",80,4
AVJ Sweet Sensitive Touch Beauty Styler and Bikini Trim...,999,224,50,4.7
BSITFOW Kemei Km-328 Professional Hair Styler Straighte...,"1,200",339,15,4.1
PHILIPS S 4  Socket Extension Boards,"1,999",849,55,4.1
HAVELLS HC4075 Personal Care Appliance Combo,599,"1,399",40,4.5
MamaEarth Aqua Glow Hydrating Sunscreen Gel with Himala...,"1,220",338,66,4.5
Oxfo Women's Eyebrow Cordless Epilator,"1,999",220,25,4.5
HAVELLS HD2222 HD2222 Hair Dryer,999,799,87,4.3
Hillgrove 3in1 25W Soldering Iron Kit | 5 Meter Solderi...,"2,999",189,60,4
LandVK 1gm to 10kg Electronic Kitchen Weighing Scale ,"2,699",329,37,3.7
Ashoka mini em-01 Mimo Soft Touch Massager Pain Relife ...,"1,499",178,51,4.5
tHemiStO Hot Melt Glue Gun kit 40 Watt With 10 Glue Sti...,"2,499",398,73,4.4
"Dr.Health 3 In 1 Steamer, Steam inhaler for cold and co...","1,710",298,35,4.3
NISCOMED PW-218 Fully Automatic Digital Blood Pressure ...,599,"1,028",73,4.5
PYXBE Heavy Duty Electronic Thick Tempered Glass LCD Di...,339,899,22,4.1
melonit Digital Weighing Scale LCD Bathroom Weight Mach...,"39,999",599,58,4.2
xiTix Infrared Thermometer - Digital Thermometer Forehe...,339,995,29,4.4
realme Smart Weighing Scale,"1,995","1,999",54,4.5
BEESURE Women Beauty Mini Professional Hair Straightene...,599,182,16,4.2
"Control D PRO Nebulizer with Mouth Piece, Child and Adu...",640,999,59,3.9
QUANTUM QHM 7468-2V USB  Gamepad,"3,590",475,34,3.8
HAVELLS HAWK HEAVY WEIGHT 1100 W INSTANT DRY IRON SUPER...,"1,49,999","1,065",43,4.5
Homestar royal light weight 750 W Dry Iron,"1,299",290,64,4.4
PrintMall Marvel Avenger new Designer Gamming Mousepad,"74,660",89,61,4.3
Nokia 107.9 cm ,"7,299","25,999",84,4
PrintMall Marvel Avenger new Designer Gamming Mousepad,499,89,23,4.6
Logitech G102 Light Sync Wired Optical  Gaming Mouse,750,"1,549",47,4.2
LipiWorld RM-ANU156 Compatible For  Home Theater System...,799,249,45,3.7
USHA IH 2415 1500 W Immersion Heater Rod,499,449,55,3.7
Microtek EM4160+ Digital Display For AC upto 1.5Ton ,499,"1,649",38,4.1
FUJIFILM X Series X-S10 Mirrorless Camera Body with XF ...,"47,990","1,25,000",24,4.1
"coolcold TINJI TJ-1 Wired USB Gaming Mouse, 3200 DPI Op...","1,999",529,70,4
Panasonic Lumix G85M Mirrorless Camera Body with 12 - 6...,"20,990","48,999",24,4.5
MAHARAJA WHITELINE Ultramax HD MX-220 1000 W Mixer Grin...,"33,690","4,125",36,3.4
Dilurban Flameless Rechargeable Electronic Windproof Ec...,299,175,46,3.9
Photron PHOC400 Tripod,150,289,22,4.2
Nehnovit finger sleeve cap for sweat breathable full to...,"7,817",122,70,5
Redgear by DRAGON WAR ELE-G11 Emera Wired Laser  Gaming...,"2,995",382,34,4.3
Stufftuff Night Vision Binocular Toy with Pop-Up Light ...,"19,999",261,22,4.1
iFFALCON by TCL 108 cm ,999,"25,999",20,5
PYXBE Heavy Duty Electronic Thick Tempered Glass LCD Di...,"5,345",899,40,5
Haier 6.5 kg 5 star Ariel Wash Fully Automatic Top Load...,"7,300","12,990",73,4
LG 260 L Frost Free Double Door Top Mount 3 Star Refrig...,499,"25,490",56,5
PrintMall STOP THINK GAMMING MOUSEPAD Mousepad,"14,000",89,72,5
BAMBALIO 8 Digits BL-300 Black 3 Years Warranty Portabl...,"1,299",114,71,3.7
PHILIPS GC 181 1000 W Dry Iron,"4,599","1,295",60,5
Preethi Steel Max MG-212 750 W Mixer Grinder ,"1,599","4,999",36,5
CASON Professional 8 X 40 HD Binoculars 10X Zoom Foldin...,"1,599","1,595",74,3.7
Nokia 80 cm ,"1,499","15,499",62,5
Trust You new arrival fully flexible Portable & Foldabl...,"1,550",290,72,5
Prestige Regal 41384 750 Juicer Mixer Grinder ,"1,299","3,499",72,4.1
Sujata by SUJATA dynamix 900 W Mixer Grinder ,"1,599","5,670",60,5
Polo 72 Steel Toe PVC Safety Shoe,"1,050",399,20,5
Pureit Advanced Plus 5 L RO + UV + Minerals Water Purif...,899,"8,299",87,3.7
"White Wings USB Chargeable Eyebrow Trimmer Face,Lips,No...","1,599",342,56,4.2
RRT New Electric Barber Battery Hair Trimmer Stainless ...,"1,499","1,980",60,3.7
Tenant Electronic Digital 1Gram-10 Kg Weight Scale Lcd ...,599,439,73,4.3
NKZ HT 2021 Hair Beard and Moustache Hair Cutting Machi...,"1,499",448,73,4.4
Gajanand Enterprise Weight Machine Digital Thick Round ...,"4,599",590,67,4.4
VEGA VHCH-01 Electric Hair Curler,999,989,74,5
JY SUPER 8802 Rechargeable Cordless Premium Quality Str...,"1,299",329,79,4.2
Gadget Tree National Digital Personal Body Weight Machi...,"1,999",599,62,4.3
SELVES High Quality Electronic Digital Professional Min...,"1,995",288,39,4.4
Gold Medal G-Dial 2 Pin 3  Socket Extension Boards,999,315,39,4.4
RIBQO 2888 Hair Dryer,999,374,44,4.5
Tenant Electronic Digital 1Gram-10 Kg Weight Scale Lcd ...,"1,999",439,63,4.3
Gajanand Enterprise Weight Machine Digital Thick Round ...,"5,499",590,16,4.1
Choaba CHOBA PROFESSIONAL HAIR DRYER 2800 2800 Hair Dry...,"1,990",475,72,4.1
BEESURE Women Beauty Mini Professional Hair Straightene...,899,182,19,4
RRT New Electric Barber Battery Hair Trimmer Stainless ...,"3,599","1,980",43,4.4
MAONO AU-400 Microphone,"83,995",390,13,4.4
"White Wings USB Chargeable Eyebrow Trimmer Face,Lips,No...",499,342,34,4.3
Perfect Nova ,"45,090",538,16,4.5
VGR V-053 Camouflage Professional Rechargeable Hair Cli...,"1,899",645,6,3.9
MAAENTERPRISE Weighing Scale Digital Heavy Duty Luggage...,"18,490",259,65,4.1
Krishna Times NHC-471B Electric Hair Curler,"3,300",205,17,4.7
Marie Claire M18 Hair Dryer,"24,990",749,37,4.3
MAHARAJA WHITELINE Infinimax Elite MX-225 750 W Mixer G...,"1,150","3,349",35,4
ACTIVA ARA 390 RPM HIGH SPEED 1200 mm Energy Saving 3 B...,"1,999","1,199",73,3.8
NSC Outdoor 10x25 zooming zoom Folding Rotate adjustabl...,"22,990",498,13,3.5
Fabiano Tulip FAB-MG-03 500 Watts Mixer Grinder ,"10,810","1,299",21,4.2
Canon M6 Mark II Mirrorless Camera with 15-45 lens,"2,199","69,999",86,4
FKU E9 Game Controller - Quick button handle Sensitive ...,"1,599",139,82,4
LG 335 L Frost Free Double Door 3 Star Convertible Refr...,"11,550","36,490",69,3.7
Milton Smart Egg Boiler - 360 Watt ,"1,05,995","1,079",52,4.7
"LG 10 kg 5 Star Rating Semi Automatic Top Load Grey, Wh...","1,149","15,990",69,4.1
HAVELLS Andria 1200 mm 390 Blade Ceiling Fan,599,"2,149",74,3.5
SAMSUNG 253 l Frost Free Double Door 2 Star Refrigerato...,555,"20,800",25,4
ORPAT Oeh-1220 OEH-1220 Fan Room Heater,"13,250","1,070",58,4.1
Grostar 235v2 with ASAP charging Version 5.0 Bluetooth ...,599,699,56,4.3
